manifest_file,document_id,document_title,source_path,section_id,family_id,start_line,end_line,line_span,notes
research/tools/requirements-spike/documents/cap413.json,cap413-extracted,CAP 413 — UK Manual of Radiotelephony,research/txt/cap413-extracted.txt,corrections_2_54_to_2_55,cap413_clearance_comms_guidance_family,6255,6272,18,CAP 413 §§2.54-2.55: correction and full-message repetition phraseology. Split from the combined hardening window after first ingestion produced more candidates than the review cap.
research/tools/requirements-spike/documents/cap413.json,cap413-extracted,CAP 413 — UK Manual of Radiotelephony,research/txt/cap413-extracted.txt,acknowledgement_receipt_2_56,cap413_clearance_comms_guidance_family,6273,6287,15,CAP 413 §2.56: acknowledgement of receipt by callsign or Roger/callsign. Split from the combined hardening window after first ingestion produced more candidates than the review cap.
research/tools/requirements-spike/documents/cap413.json,cap413-extracted,CAP 413 — UK Manual of Radiotelephony,research/txt/cap413-extracted.txt,transfer_content_2_57_to_2_59,cap413_clearance_comms_guidance_family,6288,6306,19,"CAP 413 §§2.57-2.59: transfer-instruction content, single-message guidance, readback-before-transfer guidance, and assumption of satisfactory transfer. Split from the transfer window after live ingestion produced invalid truncated JSON."
research/tools/requirements-spike/documents/cap413.json,cap413-extracted,CAP 413 — UK Manual of Radiotelephony,research/txt/cap413-extracted.txt,frequency_change_permission_2_60_to_2_61,cap413_clearance_comms_guidance_family,6308,6324,17,"CAP 413 §§2.60-2.61: advised frequency change, pilot notification before unauthorised change, and controlled-airspace permission before changing frequency. Split from the transfer window after live ingestion produced invalid truncated JSON."
research/tools/requirements-spike/documents/cap413.json,cap413-extracted,CAP 413 — UK Manual of Radiotelephony,research/txt/cap413-extracted.txt,standby_monitor_conditional_contact_2_62_to_2_63,cap413_clearance_comms_guidance_family,6326,6379,54,"CAP 413 §§2.62-2.63: standby/monitor use, contact at a point or level, and radar-heading report on transfer. Split from the transfer window after live ingestion produced invalid truncated JSON."
research/tools/requirements-spike/documents/cap413.json,cap413-extracted,CAP 413 — UK Manual of Radiotelephony,research/txt/cap413-extracted.txt,freecall_change_intention_2_64,cap413_clearance_comms_guidance_family,6381,6390,10,CAP 413 §2.64: pilot request or notification when intending to freecall or change to another agency. Split from the transfer window after live ingestion produced invalid truncated JSON.
research/tools/requirements-spike/documents/cap413.json,cap413-extracted,CAP 413 — UK Manual of Radiotelephony,research/txt/cap413-extracted.txt,clearance_issue_context_2_65_to_2_67,cap413_clearance_comms_guidance_family,6391,6428,38,"CAP 413 §§2.65-2.67: clearance issue context before the existing readback window, including clarity, start-up timing, route/local-departure separation, tactical-restriction reiteration, taxi/take-off timing, and take-off/departure wording. Split from the combined hardening window after first ingestion produced more candidates than the review cap."
research/tools/requirements-spike/documents/cap413.json,cap413-extracted,CAP 413 — UK Manual of Radiotelephony,research/txt/cap413-extracted.txt,readback_2_68_2_71,cap413_readback_family,6429,6555,127,"§2.68-2.71 Read-back Requirements (narrowed scope; the §2.65-2.67 introductory clauses and §2.72 UNABLE handling are out of scope for the readback-family proving slice). Numbered subsections with embedded RTF dialogue examples (BIGJET 347, G-ABCD, G-CD)."
research/tools/requirements-spike/documents/cap413.json,cap413-extracted,CAP 413 — UK Manual of Radiotelephony,research/txt/cap413-extracted.txt,unable_reclearance_critical_info_2_72_to_2_75,cap413_clearance_comms_guidance_family,6556,6604,49,"CAP 413 §§2.72-2.75: UNABLE, revised-clearance cancellation, and critical-information repetition. Hardened in clearance_comms_2026-04-30."
research/tools/requirements-spike/documents/cap413.json,cap413-extracted,CAP 413 — UK Manual of Radiotelephony,research/txt/cap413-extracted.txt,compliance_timing_2_82_to_2_87,cap413_clearance_comms_guidance_family,6703,6783,81,"CAP 413 §§2.82-2.87: prompt compliance, pilot delay advice, when-ready/after-passing timing, now/immediately urgency, and placement examples. Split from the compliance/communication-failure window after live ingestion showed the combined window was too heavy."
research/tools/requirements-spike/documents/cap413.json,cap413-extracted,CAP 413 — UK Manual of Radiotelephony,research/txt/cap413-extracted.txt,air_ground_communication_failure_2_88,cap413_clearance_comms_guidance_family,6784,6832,49,"CAP 413 §2.88: aircraft-side communication-failure checks, alternate-frequency attempts, transmitting blind, receiver-failure reports, and intention transmission. Split from the compliance/communication-failure window after live ingestion showed the combined window was too heavy."
research/tools/requirements-spike/documents/cap413.json,cap413-extracted,CAP 413 — UK Manual of Radiotelephony,research/txt/cap413-extracted.txt,ground_air_communication_failure_2_89_to_2_91,cap413_clearance_comms_guidance_family,6833,6864,32,"CAP 413 §§2.89-2.91: ground-station checks, blind transmission, and assumed level/route/EAT/weather message content. Split from the compliance/communication-failure window after live ingestion showed the combined window was too heavy."
research/tools/requirements-spike/documents/egast.json,egast-vfr-extracted,EGAST GA9 — VFR Phraseology Pocket Guide,research/txt/egast-vfr-extracted.txt,readback_advisory,egast_vfr_readback_family,539,608,70,"Readback advisory family. Mixed best-practice prose, bullet list of items requiring readback, acknowledgement-by-callsign rule, Wilco usage, and read-back-when-required guidance, with inline page-layout noise. No clause numbering."
research/tools/requirements-spike/documents/h01.json,h01-extracted,AIC A 21/23 (Austria) Sprechfunkverfahren / Radio Communication Procedures,research/txt/h01-extracted.txt,acknowledgement_3_8_1,h01_readback_family,4197,4337,141,"§3.8.1 ACKNOWLEDGEMENT OF RECEIPT, items a)-h). Bilingual German/English: each lettered item appears twice (German first, English second) with the same letter marker. Nested numbered list 1-4 (the items always to be read back) is laid out separately from its parent clause c) due to two-column extraction."
research/tools/requirements-spike/documents/h01.json,h01-extracted,AIC A 21/23 (Austria) Sprechfunkverfahren / Radio Communication Procedures,research/txt/h01-extracted.txt,end_of_conversation_3_8_2,h01_end_of_conversation_family,4339,4348,10,§3.8.2 END OF CONVERSATION. Bilingual single-paragraph rule: a radiotelephone conversation shall be terminated by the receiving ATS unit or aircraft using its own callsign.
research/tools/requirements-spike/documents/h01.json,h01-extracted,AIC A 21/23 (Austria) Sprechfunkverfahren / Radio Communication Procedures,research/txt/h01-extracted.txt,corrections_3_8_3,h01_corrections_family,4359,4500,142,"§3.8.3 CORRECTIONS AND REPETITIONS, items a)-onwards. Bilingual German/English with shared lettered markers. CORRECTION/'CORRECTION I SAY AGAIN' phraseology rules, request-for-repetition phraseology."
research/tools/requirements-spike/documents/icao4444.json,icao4444-extracted,ICAO Doc 4444 PANS-ATM (Procedures for Air Navigation Services - Air Traffic Management),research/txt/icao4444-extracted.txt,transfer_4_3_2_1,icao4444_transfer_family,3086,3131,46,"§4.3.2.1 Transfer family: arriving and departing control-transfer clauses, nested conditions, and supporting note. Parent + mutually-exclusive sibling shape (a/b)."
research/tools/requirements-spike/documents/icao4444.json,icao4444-extracted,ICAO Doc 4444 PANS-ATM (Procedures for Air Navigation Services - Air Traffic Management),research/txt/icao4444-extracted.txt,control_responsibility_4_3_1,icao4444_clearance_comms_contract_family,3071,3085,15,ICAO Doc 4444 §4.3.1 General: ATS authority designation of ATC unit and working-position responsibility. Hardened in clearance_comms_2026-04-30.
research/tools/requirements-spike/documents/icao4444.json,icao4444-extracted,ICAO Doc 4444 PANS-ATM (Procedures for Air Navigation Services - Air Traffic Management),research/txt/icao4444-extracted.txt,control_transfer_app_acc_sector_4_3_3_to_4_3_5,icao4444_clearance_comms_contract_family,3132,3164,33,ICAO Doc 4444 §§4.3.3-4.3.5: approach/area and sector responsibility transfer rules. Hardened in clearance_comms_2026-04-30.
research/tools/requirements-spike/documents/icao4444.json,icao4444-extracted,ICAO Doc 4444 PANS-ATM (Procedures for Air Navigation Services - Air Traffic Management),research/txt/icao4444-extracted.txt,readback_4_5_7_5,icao4444_readback_family,3401,3429,29,"§4.5.7.5 Readback family: parent clause, subordinate list (a/b/c), notes, and following standalone clauses (4.5.7.5.1.1, 4.5.7.5.2, 4.5.7.5.2.1)."
research/tools/requirements-spike/documents/icao4444.json,icao4444-extracted,ICAO Doc 4444 PANS-ATM (Procedures for Air Navigation Services - Air Traffic Management),research/txt/icao4444-extracted.txt,clearance_scope_contents_4_5_1_to_4_5_7_4,icao4444_clearance_comms_contract_family,3265,3400,136,"ICAO Doc 4444 §§4.5.1-4.5.7.4: clearance scope, purpose, timing, contents, clearance limit, route, level, and amended-clearance semantics. Hardened in clearance_comms_2026-04-30."
research/tools/requirements-spike/documents/icao4444.json,icao4444-extracted,ICAO Doc 4444 PANS-ATM (Procedures for Air Navigation Services - Air Traffic Management),research/txt/icao4444-extracted.txt,departing_aircraft_7_9,icao4444_departing_aircraft_family,9031,9110,80,"§7.9 Control of Departing Aircraft: §7.9.1 Departure sequence (with priority factors a-f), §7.9.2 Separation of departing aircraft (the 'crossed end of runway / started a turn' rule), §7.9.3.1-7.9.3.5 Take-off clearance (timing, ATC clearance prerequisite, TAKE-OFF phraseology rule, 'immediate take-off' clearance). Includes inline Note text and figure-layout artifacts."
research/tools/requirements-spike/documents/icao4444.json,icao4444-extracted,ICAO Doc 4444 PANS-ATM (Procedures for Air Navigation Services - Air Traffic Management),research/txt/icao4444-extracted.txt,arriving_aircraft_7_10,icao4444_arriving_aircraft_family,9122,9166,45,"§7.10 Control of Arriving Aircraft: §7.10.1 Separation of landing aircraft (mirrors §7.9.2), §7.10.2 Clearance to land timing/runway-designator rule, §7.10.3 Landing and roll-out manoeuvres (a-d list of optional instructions, HEAVY aircraft constraint, vacate-report rule)."
research/tools/requirements-spike/documents/icao4444.json,icao4444-extracted,ICAO Doc 4444 PANS-ATM (Procedures for Air Navigation Services - Air Traffic Management),research/txt/icao4444-extracted.txt,speed_control_4_6_1,icao4444_speed_control_family,3431,3473,43,"§4.6.1 General Horizontal Speed Control Instructions: §4.6.1.1-7. Speed-control issuance, persistence-on-pilot-side, holding-pattern exclusion, frequency-of-changes, comply-or-inform, Mach/IAS units convention, cancellation rule. Includes inline Notes about fuel/configuration considerations."
research/tools/requirements-spike/documents/icao4444.json,icao4444-extracted,ICAO Doc 4444 PANS-ATM (Procedures for Air Navigation Services - Air Traffic Management),research/txt/icao4444-extracted.txt,wake_turbulence_5_8,icao4444_wake_turbulence_family,6487,6584,98,"§5.8.1-5.8.4 Wake turbulence longitudinal separation minima: §5.8.1 Applicability, §5.8.2 Arriving aircraft, §5.8.3 Departing aircraft (parallel/displaced/opposite-direction scenarios), §5.8.4 Displaced landing threshold. Heavy regulatory text with category tables."
research/tools/requirements-spike/documents/icao4444.json,icao4444-extracted,ICAO Doc 4444 PANS-ATM (Procedures for Air Navigation Services - Air Traffic Management),research/txt/icao4444-extracted.txt,reduced_runway_7_11,icao4444_reduced_runway_family,9175,9245,71,"§7.11.1-7.11.6 Reduced runway separation minima between aircraft using the same runway: safety-assessment prerequisite, hours-of-daylight constraint, aircraft classification, departing-vs-landing exclusion, conditional preconditions list."
research/tools/requirements-spike/documents/icao4444.json,icao4444-extracted,ICAO Doc 4444 PANS-ATM (Procedures for Air Navigation Services - Air Traffic Management),research/txt/icao4444-extracted.txt,aerodrome_traffic_7_6,icao4444_aerodrome_traffic_family,8716,8810,95,"§7.6.1-7.6.3.1.1 Control of Aerodrome Traffic: §7.6.1 General clarity-of-instructions duty, §7.6.2 Designated positions of aircraft (positions 1-6 with associated controller actions), §7.6.3.1 Traffic on the manoeuvring area, §7.6.3.1.1 Taxi clearance content rules. Includes inline figure-layout artifacts."
research/tools/requirements-spike/documents/icao4444.json,icao4444-extracted,ICAO Doc 4444 PANS-ATM (Procedures for Air Navigation Services - Air Traffic Management),research/txt/icao4444-extracted.txt,position_reporting_voice_4_11_1_to_4_11_3,icao4444_clearance_comms_contract_family,3723,3808,86,"ICAO Doc 4444 §§4.11.1-4.11.3: position-report timing, voice-report contents, and initial call content after channel change. Hardened in clearance_comms_2026-04-30."
research/tools/requirements-spike/documents/icao4444.json,icao4444-extracted,ICAO Doc 4444 PANS-ATM (Procedures for Air Navigation Services - Air Traffic Management),research/txt/icao4444-extracted.txt,systems_equipment_failure_4_14,icao4444_clearance_comms_contract_family,4116,4120,5,"ICAO Doc 4444 §4.14: ATC unit reporting of communication, navigation, surveillance, or other safety-significant system failures. Hardened in clearance_comms_2026-04-30."
research/tools/requirements-spike/documents/icao4444.json,icao4444-extracted,ICAO Doc 4444 PANS-ATM (Procedures for Air Navigation Services - Air Traffic Management),research/txt/icao4444-extracted.txt,phraseology_transfer_frequency_12_3_1_4,icao4444_clearance_comms_phraseology_family,13784,13833,50,ICAO Doc 4444 §12.3.1.4: transfer of control/frequency-change phraseologies. Manifest authority ceiling is operational_guidance because this seam uses the window as phraseology support. Hardened in clearance_comms_2026-04-30.
research/tools/requirements-spike/documents/icao4444.json,icao4444-extracted,ICAO Doc 4444 PANS-ATM (Procedures for Air Navigation Services - Air Traffic Management),research/txt/icao4444-extracted.txt,phraseology_clearance_issuance_12_3_2_1,icao4444_clearance_comms_phraseology_family,14257,14293,37,ICAO Doc 4444 §12.3.2.1: clearance issuance and reclearance phraseologies. Manifest authority ceiling is operational_guidance because this seam uses the window as phraseology support. Hardened in clearance_comms_2026-04-30.
research/tools/requirements-spike/documents/icao9432.json,icao9432-extracted,ICAO Doc 9432 — Manual of Radiotelephony,research/txt/icao9432-extracted.txt,readback_2_8_3_en,icao9432_readback_family,3903,3950,48,"§2.8.3 Issue of clearance and read-back requirements, English-language portion only (the section repeats in Polish translation immediately after, lines 3952+, which we exclude here)."
research/tools/requirements-spike/documents/icao9432.json,icao9432-extracted,ICAO Doc 9432 — Manual of Radiotelephony,research/txt/icao9432-extracted.txt,communications_2_8_1_en,icao9432_communications_family,3642,3697,56,"§2.8.1 Establishment and continuation of communications, English-language portion only (the Polish translation begins at line 3699). Initial-contact rules, callsign abbreviations, transfer-of-frequency procedures."
research/tools/requirements-spike/documents/icao9432.json,icao9432-extracted,ICAO Doc 9432 — Manual of Radiotelephony,research/txt/icao9432-extracted.txt,transfer_communications_2_8_2_en,icao9432_clearance_comms_phraseology_family,3830,3855,26,ICAO Doc 9432 §2.8.2 English-only transfer-of-communications guidance and examples. Polish translation begins after this window. Hardened in clearance_comms_2026-04-30.
research/tools/requirements-spike/documents/icao9432.json,icao9432-extracted,ICAO Doc 9432 — Manual of Radiotelephony,research/txt/icao9432-extracted.txt,taxi_4_4_en,icao9432_taxi_family,4917,5139,223,"§4.4 Taxi Instructions, English portion. Comprehensive operational phraseology section: taxi-clearance content, runway-crossing, hold-short instructions, aircraft-stand procedures, with extensive RTF dialogue examples interleaved with rule prose."
research/tools/requirements-spike/documents/safetysense22.json,safetysense22-extracted,UK CAA SafetySense Leaflet 02 — Radiotelephony,research/txt/safetysense22-extracted.txt,readbacks,safetysense22_readback_family,485,552,68,"Readbacks section. Best-practice prose with a numbered list (1-15) of items requiring readback, each item laid out across two lines (number on its own line, item text following) due to two-column extraction."
research/tools/requirements-spike/documents/sera.json,sera-923-2012-extracted,"SERA — Standardised European Rules of the Air, Regulation (EU) 923/2012",research/txt/sera-923-2012-extracted.txt,readback_8015_e,sera_readback_family,2023,2037,15,SERA.8015(e) Read-back of clearances and safety-related information. Compact regulatory text: four numbered sub-paragraphs (1)-(4) with the always-read-back list (i)-(iv) nested under (1).
research/tools/requirements-spike/documents/sera.json,sera-923-2012-extracted,"SERA — Standardised European Rules of the Air, Regulation (EU) 923/2012",research/txt/sera-923-2012-extracted.txt,atc_service_8005,sera_atc_service_family,1934,1973,40,SERA.8005 Operation of air traffic control service. Three top-level paragraphs (a/b/c): (a) what an ATC unit shall do (4 numbered duties); (b) which classes of flight separation must be provided between (5 numbered cases plus exception); (c) separation methods (vertical / horizontal with sub-cases). Clean clause hierarchy.
research/tools/requirements-spike/documents/sera.json,sera-923-2012-extracted,"SERA — Standardised European Rules of the Air, Regulation (EU) 923/2012",research/txt/sera-923-2012-extracted.txt,separation_minima_8010,sera_separation_minima_family,1974,1984,11,SERA.8010 Separation minima. Compact: (a) ANSP selects minima; (b) coordination between neighbouring airspaces; (c) notification of minima to ATS units and pilots.
research/tools/requirements-spike/documents/sera.json,sera-923-2012-extracted,"SERA — Standardised European Rules of the Air, Regulation (EU) 923/2012",research/txt/sera-923-2012-extracted.txt,clearances_8015_a_d,sera_clearances_family,1985,2022,38,"SERA.8015 Air traffic control clearances paragraphs (a)-(d): (a) basis of clearances, (b) operation subject to clearance with sub-numbered cases, (c) potential reclearance, (d) contents of clearances (5 numbered fields). The (e) readback paragraph already covered separately as readback_8015_e."
research/tools/requirements-spike/documents/sera.json,sera-923-2012-extracted,"SERA — Standardised European Rules of the Air, Regulation (EU) 923/2012",research/txt/sera-923-2012-extracted.txt,clearance_coordination_8015_f,sera_clearance_comms_contract_family,2038,2071,34,"SERA.8015(f) Coordination of clearances: route coverage, downstream clearances, and controlled-airspace scope. Hardened in clearance_comms_2026-04-30."
research/tools/requirements-spike/documents/sera.json,sera-923-2012-extracted,"SERA — Standardised European Rules of the Air, Regulation (EU) 923/2012",research/txt/sera-923-2012-extracted.txt,adherence_flight_plan_8020,sera_clearance_comms_contract_family,2072,2129,58,"SERA.8020 Adherence to flight plan: controlled-flight adherence, amended clearance, emergency deviation, and requested change content. Hardened in clearance_comms_2026-04-30."
research/tools/requirements-spike/documents/sera.json,sera-923-2012-extracted,"SERA — Standardised European Rules of the Air, Regulation (EU) 923/2012",research/txt/sera-923-2012-extracted.txt,position_reports_8025,sera_clearance_comms_contract_family,2130,2138,9,SERA.8025 Position reports: controlled-flight reporting duty and data-link exception. Hardened in clearance_comms_2026-04-30.
research/tools/requirements-spike/documents/sera.json,sera-923-2012-extracted,"SERA — Standardised European Rules of the Air, Regulation (EU) 923/2012",research/txt/sera-923-2012-extracted.txt,termination_control_8030,sera_clearance_comms_contract_family,2139,2141,3,SERA.8030 Termination of control: duty to advise ATC when no longer subject to ATC service. Hardened in clearance_comms_2026-04-30.
research/tools/requirements-spike/documents/sera.json,sera-923-2012-extracted,"SERA — Standardised European Rules of the Air, Regulation (EU) 923/2012",research/txt/sera-923-2012-extracted.txt,communications_8035,sera_clearance_comms_contract_family,2142,2160,19,"SERA.8035 Communications: continuous voice watch, two-way communication as necessary, CPDLC persistence, and comms-failure reference. Hardened in clearance_comms_2026-04-30."
research/tools/requirements-spike/documents/slovenia-vfr.json,slovenia-vfr-extracted,Slovenia VFR Phraseology Guide,research/txt/slovenia-vfr-extracted.txt,readback,slovenia_vfr_readback_family,524,565,42,"Read-back / Items / Wilco / Acknowledgement-by-call-sign / Transmitting-technique sub-sections. Best-practice prose with bullet list of items requiring readback, mostly mirroring CAP 413 / EGAST shape."
